"k","yp_id","nara_comp_raw_f9","nara_acc_raw_f9","read_word_raw_f9","read_nonw_raw_f9","wold_comp_raw_f8","age_m_f8","age_m_f9","yp_no"
"1","ALSPAC0001",3,68,8,7,5,106,118,1
"3","ALSPAC0002",21,78,6,4,4,97,117,2
"3","ALSPAC0003",21,66,9,9,11,104,122,3
"3","ALSPAC0004",21,72,6,3,8,99,122,4
"1","ALSPAC0005",29,73,9,8,10,98,112,5
"1","ALSPAC0006",39,87,NA,10,14,105,116,6
"3","ALSPAC0007",7,59,5,5,3,105,116,7
"3","ALSPAC0008",16,68,7,7,1,101,120,8
"1","ALSPAC0009",48,83,11,8,14,105,118,9
"3","ALSPAC0010",12,47,7,6,6,99,124,10
"1","ALSPAC0011",27,67,9,8,10,103,119,11
"1","ALSPAC0012",37,76,10,9,10,102,122,12
"2","ALSPAC0013",7,30,NA,1,6,105,118,13
"2","ALSPAC0014",11,47,4,3,NA,105,114,14
"1","ALSPAC0015",28,73,9,8,14,103,119,15
"1","ALSPAC0016",41,87,11,10,11,104,112,16
"1","ALSPAC0017",36,78,10,9,10,104,119,17
"1","ALSPAC0018",50,76,10,9,16,108,120,18
"1","ALSPAC0019",33,80,9,8,12,97,114,19
"1","ALSPAC0020",28,81,10,8,13,108,124,20
"1","ALSPAC0021",40,74,8,7,10,106,119,21
"1","ALSPAC0022",51,77,9,9,13,100,120,22
"1","ALSPAC0023",36,67,9,8,10,102,118,23
"1","ALSPAC0024",33,76,10,9,8,93,120,24
"1","ALSPAC0025",34,76,10,9,9,95,121,25
"2","ALSPAC0026",8,33,5,5,5,103,122,26
"1","ALSPAC0027",31,74,9,7,7,94,119,27
"1","ALSPAC0028",23,64,7,6,12,101,119,28
"3","ALSPAC0029",13,67,7,5,7,105,117,29
"1","ALSPAC0030",17,60,7,7,4,99,119,30
"2","ALSPAC0031",9,32,2,-2,9,105,121,31
"1","ALSPAC0032",35,83,9,8,8,104,113,32
"1","ALSPAC0033",45,78,10,9,10,105,123,33
"3","ALSPAC0034",11,60,6,3,NA,99,124,34
"2","ALSPAC0035",3,29,4,1,1,104,119,35
"3","ALSPAC0036",12,61,5,4,8,108,124,36
"3","ALSPAC0037",23,78,9,7,10,100,115,37
"2","ALSPAC0038",3,29,0,1,3,103,108,38
"3","ALSPAC0039",20,69,7,7,10,109,125,39
"1","ALSPAC0040",27,68,8,8,6,100,120,40
"1","ALSPAC0041",38,74,9,8,13,104,126,41
"1","ALSPAC0042",25,71,7,6,6,97,122,42
"1","ALSPAC0043",55,72,9,9,12,100,121,43
"2","ALSPAC0044",13,31,7,7,4,113,119,44
"1","ALSPAC0045",25,72,8,7,9,101,117,45
"2","ALSPAC0046",14,40,7,5,7,101,118,46
"3","ALSPAC0047",20,82,11,8,8,103,114,47
"1","ALSPAC0048",29,71,9,8,9,97,118,48
"1","ALSPAC0049",31,66,9,8,10,104,122,49
"3","ALSPAC0050",21,70,7,6,11,106,111,50
"3","ALSPAC0051",19,54,4,4,11,99,119,51
"3","ALSPAC0052",22,67,6,NA,10,104,123,52
"2","ALSPAC0053",21,36,3,4,8,104,122,53
"1","ALSPAC0054",24,71,8,6,11,101,119,54
"3","ALSPAC0055",29,72,9,7,10,105,125,55
"3","ALSPAC0056",21,80,6,5,4,98,122,56
"1","ALSPAC0057",36,73,7,7,13,99,120,57
"2","ALSPAC0058",10,41,5,2,3,98,122,58
"1","ALSPAC0059",34,75,8,7,10,106,113,59
"1","ALSPAC0060",52,75,7,6,14,105,120,60
"1","ALSPAC0061",39,78,10,8,10,104,125,61
"1","ALSPAC0062",43,72,9,8,13,108,112,62
"1","ALSPAC0063",43,76,9,8,12,97,113,63
"1","ALSPAC0064",34,76,NA,9,12,99,116,64
"1","ALSPAC0065",40,87,11,10,9,109,117,65
"1","ALSPAC0066",45,83,9,8,10,104,118,66
"2","ALSPAC0067",3,35,6,3,0,99,109,67
"1","ALSPAC0068",35,74,8,8,NA,109,124,68
"1","ALSPAC0069",40,62,7,7,13,109,123,69
"1","ALSPAC0070",38,73,8,7,15,102,115,70
"1","ALSPAC0071",29,68,9,7,12,105,119,71
"1","ALSPAC0072",30,80,10,8,10,106,111,72
"1","ALSPAC0073",30,66,8,8,7,100,122,73
"1","ALSPAC0074",53,82,9,7,14,106,117,74
"1","ALSPAC0075",34,75,7,8,11,111,119,75
"3","ALSPAC0076",21,80,7,4,8,100,115,76
"1","ALSPAC0077",43,78,10,9,12,109,123,77
"1","ALSPAC0078",44,67,8,8,13,107,117,78
"1","ALSPAC0079",59,77,10,8,14,104,119,79
"3","ALSPAC0080",15,54,5,7,8,101,122,80
"1","ALSPAC0081",20,57,7,8,15,110,124,81
"1","ALSPAC0082",54,85,10,8,9,106,129,82
"1","ALSPAC0083",32,69,8,6,12,105,117,83
"1","ALSPAC0084",35,78,9,8,12,97,123,84
"2","ALSPAC0085",4,21,0,1,2,103,112,85
"1","ALSPAC0086",30,71,8,6,11,106,118,86
"1","ALSPAC0087",20,70,9,8,6,107,117,87
"3","ALSPAC0088",26,83,10,11,13,96,118,88
"3","ALSPAC0089",21,64,6,4,7,113,110,89
"1","ALSPAC0090",35,66,9,6,8,107,123,90
"1","ALSPAC0091",30,80,10,8,6,102,116,91
"1","ALSPAC0092",28,71,8,8,11,106,125,92
"3","ALSPAC0093",30,77,4,4,14,92,116,93
"1","ALSPAC0094",39,64,9,6,11,99,116,94
"1","ALSPAC0095",42,80,12,9,13,100,116,95
"1","ALSPAC0096",40,82,11,10,11,108,123,96
"1","ALSPAC0097",41,68,8,7,11,106,114,97
"3","ALSPAC0098",21,62,8,6,9,97,121,98
"1","ALSPAC0099",25,80,10,9,12,95,125,99
"1","ALSPAC0100",26,73,8,9,8,104,124,100
"2","ALSPAC0101",6,24,4,3,6,105,118,101
"1","ALSPAC0102",29,74,10,9,12,100,112,102
"3","ALSPAC0103",16,70,8,6,9,103,114,103
"1","ALSPAC0104",48,75,9,8,10,103,116,104
"1","ALSPAC0105",41,76,9,9,14,106,129,105
"1","ALSPAC0106",30,78,8,8,15,102,118,106
"1","ALSPAC0107",44,79,10,9,15,100,121,107
"2","ALSPAC0108",9,26,3,2,9,99,112,108
"1","ALSPAC0109",29,71,7,7,9,95,119,109
"2","ALSPAC0110",9,42,3,4,8,99,119,110
"1","ALSPAC0111",33,73,9,8,10,111,113,111
"1","ALSPAC0112",32,66,9,8,NA,102,120,112
"3","ALSPAC0113",22,65,6,5,7,102,127,113
"1","ALSPAC0114",39,79,10,8,15,103,114,114
"1","ALSPAC0115",31,73,8,8,10,106,121,115
"1","ALSPAC0116",40,74,9,8,11,107,118,116
"1","ALSPAC0117",32,83,9,7,12,101,121,117
"1","ALSPAC0118",48,80,9,7,17,106,117,118
"3","ALSPAC0119",27,85,8,7,8,102,115,119
"1","ALSPAC0120",39,72,9,9,12,105,116,120
"2","ALSPAC0121",7,16,1,-1,4,97,122,121
"1","ALSPAC0122",49,81,9,7,10,105,115,122
"1","ALSPAC0123",31,70,8,7,9,103,123,123
"2","ALSPAC0124",8,45,2,3,4,106,117,124
"1","ALSPAC0125",28,76,9,9,8,99,114,125
"2","ALSPAC0126",13,29,2,5,7,99,122,126
"1","ALSPAC0127",40,81,9,7,9,110,125,127
"1","ALSPAC0128",34,75,9,8,NA,107,119,128
"1","ALSPAC0129",26,77,8,6,7,103,116,129
"1","ALSPAC0130",48,90,12,11,11,99,119,130
"2","ALSPAC0131",4,21,2,1,6,109,118,131
"1","ALSPAC0132",35,74,8,8,12,102,119,132
"3","ALSPAC0133",28,77,10,6,7,103,122,133
"1","ALSPAC0134",24,75,9,8,10,102,116,134
"1","ALSPAC0135",29,77,10,8,NA,97,121,135
"1","ALSPAC0136",33,73,8,8,9,99,124,136
"1","ALSPAC0137",23,70,8,7,6,102,120,137
"1","ALSPAC0138",35,83,8,8,10,104,112,138
"1","ALSPAC0139",42,81,8,8,16,105,105,139
"1","ALSPAC0140",47,70,9,9,20,106,121,140
"1","ALSPAC0141",42,75,8,9,9,108,123,141
"3","ALSPAC0142",12,60,6,5,7,101,122,142
"2","ALSPAC0143",7,30,5,2,6,112,120,143
"1","ALSPAC0144",27,76,8,7,7,101,121,144
"1","ALSPAC0145",35,82,10,10,12,101,123,145
"3","ALSPAC0146",18,67,5,7,10,105,125,146
"1","ALSPAC0147",27,79,7,7,9,114,119,147
"1","ALSPAC0148",42,76,9,9,17,110,122,148
"1","ALSPAC0149",25,86,10,10,2,101,121,149
"1","ALSPAC0150",26,72,10,10,9,104,119,150
"3","ALSPAC0151",17,63,8,8,5,101,119,151
"3","ALSPAC0152",25,85,10,11,5,104,121,152
"1","ALSPAC0153",25,68,8,6,8,103,117,153
"1","ALSPAC0154",38,73,9,8,13,99,116,154
"1","ALSPAC0155",23,76,9,7,9,96,111,155
"1","ALSPAC0156",36,66,7,6,13,99,117,156
"1","ALSPAC0157",50,72,7,6,16,105,115,157
"3","ALSPAC0158",24,72,8,6,10,104,122,158
"1","ALSPAC0159",43,78,11,8,NA,111,120,159
"1","ALSPAC0160",17,70,7,7,7,105,119,160
"1","ALSPAC0161",31,81,10,9,9,108,115,161
"1","ALSPAC0162",37,78,9,8,10,107,118,162
"1","ALSPAC0163",32,76,8,7,13,109,115,163
"1","ALSPAC0164",28,68,8,7,14,103,124,164
"2","ALSPAC0165",5,25,2,2,6,94,121,165
"1","ALSPAC0166",39,80,9,9,14,103,122,166
"2","ALSPAC0167",7,19,5,3,4,102,122,167
"1","ALSPAC0168",48,84,10,9,12,98,120,168
"3","ALSPAC0169",21,75,8,10,7,105,120,169
"1","ALSPAC0170",26,71,7,7,7,100,115,170
"1","ALSPAC0171",44,80,9,8,NA,98,114,171
"1","ALSPAC0172",33,71,9,6,8,107,122,172
"1","ALSPAC0173",35,72,9,9,NA,102,120,173
"3","ALSPAC0174",10,70,8,7,6,101,116,174
"1","ALSPAC0175",27,64,9,9,13,98,124,175
"3","ALSPAC0176",26,86,7,5,3,102,129,176
"1","ALSPAC0177",42,66,10,8,13,95,122,177
"1","ALSPAC0178",27,71,9,9,14,106,119,178
"1","ALSPAC0179",42,77,10,9,12,101,110,179
"1","ALSPAC0180",37,76,9,9,10,105,116,180
"3","ALSPAC0181",27,79,10,9,9,100,116,181
"1","ALSPAC0182",53,81,10,9,15,105,128,182
"1","ALSPAC0183",52,81,10,8,16,100,121,183
"3","ALSPAC0184",12,80,6,8,2,102,111,184
"3","ALSPAC0185",22,52,5,6,12,105,125,185
"1","ALSPAC0186",33,72,9,8,14,106,120,186
"2","ALSPAC0187",3,35,3,3,4,102,121,187
"1","ALSPAC0188",42,75,9,7,12,104,129,188
"1","ALSPAC0189",25,77,8,8,9,99,114,189
"1","ALSPAC0190",19,67,9,7,9,98,117,190
"1","ALSPAC0191",38,77,NA,7,9,101,120,191
"2","ALSPAC0192",10,36,5,5,3,107,115,192
"1","ALSPAC0193",28,73,10,8,10,103,123,193
"1","ALSPAC0194",52,77,9,9,13,99,124,194
"1","ALSPAC0195",36,74,10,9,10,111,119,195
"1","ALSPAC0196",40,68,8,6,12,104,123,196
"3","ALSPAC0197",23,76,7,7,10,100,117,197
"1","ALSPAC0198",39,79,11,10,8,107,119,198
"1","ALSPAC0199",56,75,8,8,18,108,127,199
"3","ALSPAC0200",21,76,7,8,10,105,124,200
"1","ALSPAC0201",19,64,7,6,5,105,116,201
"1","ALSPAC0202",48,78,9,6,14,99,115,202
"3","ALSPAC0203",12,52,5,3,6,107,127,203
"2","ALSPAC0204",13,33,4,4,6,103,133,204
"1","ALSPAC0205",42,74,9,8,11,110,125,205
"1","ALSPAC0206",34,79,10,9,8,99,120,206
"1","ALSPAC0207",33,77,9,7,10,99,115,207
"1","ALSPAC0208",40,69,9,7,15,100,119,208
"1","ALSPAC0209",34,73,9,9,13,101,116,209
"2","ALSPAC0210",9,28,5,2,7,102,126,210
"1","ALSPAC0211",42,73,9,7,11,102,121,211
"3","ALSPAC0212",29,80,10,9,10,107,122,212
"1","ALSPAC0213",43,67,9,8,11,107,121,213
"1","ALSPAC0214",50,85,9,9,14,109,122,214
"1","ALSPAC0215",30,73,7,7,13,102,117,215
"3","ALSPAC0216",16,65,7,6,5,104,116,216
"1","ALSPAC0217",35,72,7,8,10,102,120,217
"1","ALSPAC0218",37,70,9,7,8,105,124,218
"1","ALSPAC0219",41,73,8,7,11,102,121,219
"1","ALSPAC0220",34,74,8,6,12,107,117,220
"1","ALSPAC0221",40,65,8,NA,8,101,130,221
"1","ALSPAC0222",42,71,9,8,9,107,120,222
"3","ALSPAC0223",22,81,8,6,10,105,118,223
"3","ALSPAC0224",27,81,9,9,NA,102,119,224
"1","ALSPAC0225",37,74,9,9,10,104,120,225
"1","ALSPAC0226",38,81,9,7,10,99,118,226
"1","ALSPAC0227",40,75,11,8,12,107,130,227
"1","ALSPAC0228",29,74,9,8,12,99,116,228
"3","ALSPAC0229",30,78,7,6,8,104,116,229
"1","ALSPAC0230",44,84,10,8,9,100,117,230
"2","ALSPAC0231",14,34,3,3,9,101,122,231
"1","ALSPAC0232",47,83,11,8,14,100,120,232
"2","ALSPAC0233",9,42,5,4,4,102,117,233
"3","ALSPAC0234",13,61,6,3,3,100,117,234
"2","ALSPAC0235",13,47,4,5,7,98,112,235
"1","ALSPAC0236",48,86,9,7,15,102,116,236
"2","ALSPAC0237",11,46,3,3,5,106,123,237
"1","ALSPAC0238",44,82,10,NA,13,100,123,238
"3","ALSPAC0239",20,61,4,4,6,109,124,239
"2","ALSPAC0240",14,48,7,3,3,104,123,240
"1","ALSPAC0241",45,70,9,7,NA,115,122,241
"3","ALSPAC0242",15,66,7,7,1,104,126,242
"3","ALSPAC0243",24,70,8,7,9,100,120,243
"3","ALSPAC0244",25,67,6,7,9,98,122,244
"3","ALSPAC0245",21,66,8,5,5,112,116,245
"1","ALSPAC0246",16,73,9,8,9,103,116,246
"3","ALSPAC0247",14,82,8,8,9,107,110,247
"2","ALSPAC0248",15,38,6,6,2,99,123,248
"3","ALSPAC0249",20,51,4,5,8,106,131,249
"1","ALSPAC0250",37,79,8,8,7,101,119,250
"1","ALSPAC0251",39,79,8,8,15,105,116,251
"2","ALSPAC0252",17,41,7,4,10,106,113,252
"1","ALSPAC0253",18,61,7,7,4,102,117,253
"2","ALSPAC0254",13,35,5,2,6,108,117,254
"3","ALSPAC0255",18,44,-1,-1,5,108,120,255
"1","ALSPAC0256",25,74,8,9,12,102,119,256
"1","ALSPAC0257",37,61,8,8,15,98,121,257
"2","ALSPAC0258",-2,24,2,1,-1,104,120,258
"3","ALSPAC0259",27,88,11,10,7,109,126,259
"2","ALSPAC0260",15,50,4,3,6,110,107,260
"1","ALSPAC0261",32,75,10,8,NA,108,124,261
"3","ALSPAC0262",11,65,6,5,5,105,128,262
"3","ALSPAC0263",16,67,9,4,7,102,123,263
"2","ALSPAC0264",14,37,2,1,3,105,122,264
"3","ALSPAC0265",18,83,7,5,5,105,114,265
"1","ALSPAC0266",22,79,10,8,9,95,120,266
"1","ALSPAC0267",21,74,9,9,10,104,119,267
"1","ALSPAC0268",37,82,8,6,13,106,116,268
"1","ALSPAC0269",57,80,9,8,14,102,116,269
"1","ALSPAC0270",41,83,9,8,15,94,112,270
"1","ALSPAC0271",28,76,11,9,9,106,125,271
"2","ALSPAC0272",8,34,2,4,5,104,117,272
"1","ALSPAC0273",23,74,7,6,4,100,117,273
"3","ALSPAC0274",16,77,7,5,NA,100,118,274
"1","ALSPAC0275",24,63,7,7,10,95,117,275
"3","ALSPAC0276",16,68,8,6,NA,106,127,276
"3","ALSPAC0277",16,65,8,9,8,104,125,277
"2","ALSPAC0278",7,40,4,3,4,109,118,278
"1","ALSPAC0279",52,84,10,9,10,99,118,279
"1","ALSPAC0280",17,80,10,9,9,103,115,280
"1","ALSPAC0281",49,83,9,9,11,103,121,281
"1","ALSPAC0282",35,73,8,8,10,106,120,282
"1","ALSPAC0283",28,68,9,9,12,108,128,283
"1","ALSPAC0284",41,74,9,7,12,100,117,284
"1","ALSPAC0285",50,77,9,8,16,99,118,285
"1","ALSPAC0286",43,64,9,7,13,102,121,286
"2","ALSPAC0287",16,44,8,4,7,99,120,287
"2","ALSPAC0288",16,35,4,3,5,106,118,288
"1","ALSPAC0289",33,82,10,8,7,102,118,289
"1","ALSPAC0290",51,72,10,8,18,106,118,290
"1","ALSPAC0291",25,69,9,7,9,105,115,291
"1","ALSPAC0292",27,75,9,7,10,102,116,292
"1","ALSPAC0293",55,86,10,8,15,104,113,293
"2","ALSPAC0294",15,42,2,3,3,105,118,294
"3","ALSPAC0295",10,57,3,5,3,99,111,295
"1","ALSPAC0296",52,75,8,8,13,99,115,296
"3","ALSPAC0297",26,67,11,9,9,109,124,297
"2","ALSPAC0298",8,29,3,6,7,104,123,298
"2","ALSPAC0299",9,35,3,4,3,105,121,299
"1","ALSPAC0300",31,75,10,9,12,105,121,300
"1","ALSPAC0301",38,79,8,9,10,100,118,301
"1","ALSPAC0302",27,80,10,8,NA,113,117,302
"3","ALSPAC0303",20,68,6,6,8,107,110,303
"1","ALSPAC0304",36,69,10,9,17,111,110,304
"2","ALSPAC0305",10,35,3,3,6,102,120,305
"1","ALSPAC0306",41,75,10,9,12,104,119,306
"3","ALSPAC0307",16,53,5,5,4,100,119,307
"1","ALSPAC0308",40,80,9,8,9,96,121,308
"1","ALSPAC0309",19,68,8,8,8,111,125,309
"1","ALSPAC0310",39,79,9,8,17,105,119,310
"2","ALSPAC0311",2,30,3,3,1,96,124,311
"1","ALSPAC0312",42,67,11,10,11,106,118,312
"1","ALSPAC0313",59,85,9,9,14,100,120,313
"3","ALSPAC0314",19,62,5,5,2,104,118,314
"3","ALSPAC0315",32,74,8,7,11,107,125,315
"1","ALSPAC0316",27,75,9,7,9,102,118,316
"1","ALSPAC0317",25,63,7,6,9,104,118,317
"1","ALSPAC0318",46,81,10,9,12,107,113,318
"2","ALSPAC0319",8,37,2,2,3,104,124,319
"2","ALSPAC0320",12,11,1,1,8,101,121,320
"3","ALSPAC0321",11,64,4,4,7,101,109,321
"3","ALSPAC0322",14,64,5,4,3,110,125,322
"1","ALSPAC0323",49,70,8,7,13,101,123,323
"1","ALSPAC0324",27,74,9,7,7,101,121,324
"1","ALSPAC0325",46,73,9,9,14,105,120,325
"1","ALSPAC0326",43,72,8,8,11,99,120,326
"1","ALSPAC0327",51,75,9,8,13,97,120,327
"1","ALSPAC0328",53,75,9,7,17,99,119,328
"1","ALSPAC0329",36,81,9,8,12,109,125,329
"1","ALSPAC0330",27,73,9,9,7,98,118,330
"1","ALSPAC0331",39,76,8,7,10,98,118,331
"3","ALSPAC0332",26,67,5,5,10,106,124,332
"1","ALSPAC0333",27,67,8,6,15,100,120,333
"1","ALSPAC0334",53,79,10,8,11,97,121,334
"3","ALSPAC0335",28,83,9,8,12,101,117,335
"1","ALSPAC0336",12,82,9,7,9,102,114,336
"2","ALSPAC0337",14,43,7,5,5,97,121,337
"1","ALSPAC0338",42,78,10,9,11,104,119,338
"1","ALSPAC0339",18,77,8,7,9,110,121,339
"1","ALSPAC0340",44,72,10,8,15,104,120,340
"1","ALSPAC0341",41,74,10,9,17,97,116,341
"1","ALSPAC0342",25,69,9,8,8,112,119,342
"1","ALSPAC0343",54,84,11,9,13,96,123,343
"2","ALSPAC0344",8,25,3,2,2,98,123,344
"3","ALSPAC0345",15,52,5,4,6,105,121,345
"2","ALSPAC0346",16,49,3,2,7,104,112,346
"3","ALSPAC0347",5,74,6,6,4,95,115,347
"3","ALSPAC0348",16,84,8,10,11,107,114,348
"3","ALSPAC0349",25,80,9,7,4,100,117,349
"1","ALSPAC0350",22,66,7,7,6,113,123,350
"3","ALSPAC0351",21,68,7,8,10,98,123,351
"2","ALSPAC0352",7,40,NA,1,3,103,113,352
"1","ALSPAC0353",29,87,13,11,11,105,118,353
"1","ALSPAC0354",27,77,10,10,10,104,119,354
"1","ALSPAC0355",15,71,7,7,6,100,116,355
"1","ALSPAC0356",23,80,11,9,7,106,115,356
"3","ALSPAC0357",19,69,7,7,8,101,119,357
"1","ALSPAC0358",34,71,8,8,10,103,115,358
"1","ALSPAC0359",24,80,9,8,8,101,113,359
"1","ALSPAC0360",31,80,9,7,6,113,109,360
"1","ALSPAC0361",27,74,8,7,4,110,124,361
"1","ALSPAC0362",47,79,8,8,13,106,116,362
"1","ALSPAC0363",29,66,6,6,14,110,117,363
"2","ALSPAC0364",18,49,6,6,7,107,125,364
"1","ALSPAC0365",32,67,9,8,11,101,117,365
"1","ALSPAC0366",31,71,9,8,11,98,114,366
"2","ALSPAC0367",17,47,5,2,7,104,116,367
"3","ALSPAC0368",28,59,7,3,12,102,121,368
"1","ALSPAC0369",38,74,8,7,NA,104,120,369
"1","ALSPAC0370",40,79,10,10,14,103,127,370
"1","ALSPAC0371",54,76,10,9,17,102,121,371
"2","ALSPAC0372",10,43,6,3,0,105,113,372
"3","ALSPAC0373",23,75,6,5,5,97,115,373
"3","ALSPAC0374",26,65,7,3,7,105,128,374
"1","ALSPAC0375",45,77,9,8,12,106,120,375
"1","ALSPAC0376",56,84,10,10,15,102,123,376
"1","ALSPAC0377",35,74,7,7,9,102,113,377
"2","ALSPAC0378",10,23,8,5,8,102,124,378
"1","ALSPAC0379",38,73,9,8,16,108,114,379
"2","ALSPAC0380",11,48,5,4,3,107,116,380
"1","ALSPAC0381",33,75,9,8,10,101,117,381
"2","ALSPAC0382",13,22,2,1,7,105,119,382
"3","ALSPAC0383",17,72,9,6,5,103,125,383
"1","ALSPAC0384",32,73,9,9,14,104,120,384
"3","ALSPAC0385",18,72,7,3,6,106,120,385
"3","ALSPAC0386",21,63,6,4,8,108,115,386
"1","ALSPAC0387",52,80,8,7,15,105,116,387
"1","ALSPAC0388",42,85,9,NA,10,108,119,388
"1","ALSPAC0389",26,67,8,7,10,98,121,389
"3","ALSPAC0390",31,95,8,11,5,96,120,390
"1","ALSPAC0391",55,76,9,8,17,98,119,391
"1","ALSPAC0392",25,72,8,9,9,101,117,392
"2","ALSPAC0393",-2,22,-1,1,4,106,109,393
"3","ALSPAC0394",22,58,6,NA,NA,104,119,394
"1","ALSPAC0395",39,79,10,9,13,108,119,395
"1","ALSPAC0396",30,75,10,8,10,100,115,396
"3","ALSPAC0397",29,76,8,8,8,116,123,397
"1","ALSPAC0398",34,75,10,8,11,101,119,398
"1","ALSPAC0399",19,75,9,8,10,100,114,399
"1","ALSPAC0400",37,67,9,6,NA,112,125,400
"2","ALSPAC0401",16,36,3,4,6,98,121,401
"3","ALSPAC0402",22,82,9,5,9,107,115,402
"3","ALSPAC0403",21,78,6,6,3,105,120,403
"3","ALSPAC0404",18,62,6,8,6,102,119,404
"1","ALSPAC0405",41,78,9,8,8,103,114,405
"3","ALSPAC0406",28,73,10,7,9,100,113,406
"1","ALSPAC0407",33,67,8,7,13,103,115,407
"1","ALSPAC0408",44,71,8,8,9,107,119,408
"3","ALSPAC0409",20,82,9,4,1,105,123,409
"1","ALSPAC0410",34,79,11,10,12,105,118,410
"3","ALSPAC0411",13,60,4,6,6,105,115,411
"2","ALSPAC0412",15,25,4,2,10,105,120,412
"2","ALSPAC0413",13,52,7,5,5,100,120,413
"3","ALSPAC0414",22,88,6,7,7,92,123,414
"1","ALSPAC0415",32,79,9,7,9,99,117,415
"2","ALSPAC0416",7,33,5,4,4,102,121,416
"1","ALSPAC0417",50,81,10,9,13,102,124,417
"2","ALSPAC0418",-3,20,2,4,1,103,121,418
"1","ALSPAC0419",45,84,9,8,13,114,115,419
"3","ALSPAC0420",16,69,7,3,4,96,121,420
"1","ALSPAC0421",30,77,10,9,10,104,123,421
"1","ALSPAC0422",34,76,9,9,17,106,121,422
"1","ALSPAC0423",32,76,11,9,NA,104,121,423
"1","ALSPAC0424",27,73,8,9,8,112,112,424
"1","ALSPAC0425",29,76,9,8,14,108,115,425
"2","ALSPAC0426",7,45,7,3,0,102,116,426
"1","ALSPAC0427",26,75,9,8,8,111,113,427
"1","ALSPAC0428",33,73,8,8,NA,99,118,428
"1","ALSPAC0429",39,80,9,8,10,99,121,429
"1","ALSPAC0430",44,74,10,8,13,114,118,430
"2","ALSPAC0431",8,28,2,2,2,101,121,431
"1","ALSPAC0432",47,66,8,8,13,98,119,432
"1","ALSPAC0433",54,77,9,7,14,107,112,433
"1","ALSPAC0434",23,73,9,8,8,97,117,434
"1","ALSPAC0435",28,77,9,7,11,96,123,435
"3","ALSPAC0436",13,64,5,3,5,101,113,436
"1","ALSPAC0437",31,71,9,8,10,105,115,437
"1","ALSPAC0438",4,66,8,6,6,107,108,438
"2","ALSPAC0439",11,19,2,1,7,96,118,439
"1","ALSPAC0440",16,81,10,9,13,107,112,440
"1","ALSPAC0441",54,78,8,8,14,94,113,441
"3","ALSPAC0442",30,78,10,10,9,96,123,442
"1","ALSPAC0443",20,74,8,7,8,106,123,443
"3","ALSPAC0444",20,70,6,4,3,104,117,444
"1","ALSPAC0445",41,81,9,7,13,102,114,445
"3","ALSPAC0446",26,77,9,4,3,107,116,446
"3","ALSPAC0447",19,57,4,6,8,100,123,447
"3","ALSPAC0448",26,73,7,4,10,95,123,448
"3","ALSPAC0449",21,78,6,5,8,109,124,449
"1","ALSPAC0450",31,66,10,9,10,101,119,450
"2","ALSPAC0451",10,28,4,2,6,91,122,451
"1","ALSPAC0452",43,83,8,8,12,108,118,452
"2","ALSPAC0453",17,48,4,5,3,96,116,453
"1","ALSPAC0454",38,77,8,7,12,108,115,454
"3","ALSPAC0455",17,68,6,3,5,105,122,455
"1","ALSPAC0456",29,75,9,8,10,103,124,456
"1","ALSPAC0457",35,76,9,8,10,105,124,457
"3","ALSPAC0458",21,75,8,6,11,104,120,458
"1","ALSPAC0459",40,82,9,9,11,99,118,459
"1","ALSPAC0460",44,76,9,7,18,111,119,460
"1","ALSPAC0461",47,84,11,11,16,107,116,461
"3","ALSPAC0462",24,82,10,9,5,102,122,462
"1","ALSPAC0463",12,64,9,6,7,101,123,463
"1","ALSPAC0464",24,73,8,7,6,103,121,464
"1","ALSPAC0465",15,69,7,7,5,103,118,465
"1","ALSPAC0466",36,80,9,7,10,103,119,466
"1","ALSPAC0467",52,83,10,8,13,107,122,467
"3","ALSPAC0468",21,77,6,6,9,109,115,468
"3","ALSPAC0469",19,71,5,5,4,98,115,469
"3","ALSPAC0470",26,79,11,8,10,98,123,470
"2","ALSPAC0471",5,21,1,-1,1,102,113,471
"1","ALSPAC0472",23,68,7,7,6,101,115,472
"1","ALSPAC0473",42,85,10,10,4,98,124,473
"3","ALSPAC0474",25,75,8,8,9,105,111,474
"1","ALSPAC0475",42,68,9,8,13,101,120,475
"1","ALSPAC0476",40,71,9,8,15,101,117,476
"1","ALSPAC0477",40,74,9,8,12,106,125,477
"1","ALSPAC0478",33,83,10,10,10,105,119,478
"1","ALSPAC0479",41,76,10,9,NA,108,119,479
"1","ALSPAC0480",59,85,9,9,14,104,125,480
"3","ALSPAC0481",14,58,5,3,7,102,116,481
"1","ALSPAC0482",35,76,11,9,11,105,119,482
"1","ALSPAC0483",39,79,9,9,11,104,115,483
"1","ALSPAC0484",26,63,8,7,5,103,127,484
"1","ALSPAC0485",37,76,8,7,9,106,122,485
"3","ALSPAC0486",24,69,9,8,10,98,123,486
"3","ALSPAC0487",9,70,5,4,4,103,120,487
"2","ALSPAC0488",17,37,6,6,7,107,119,488
"2","ALSPAC0489",9,35,6,4,4,108,114,489
"1","ALSPAC0490",17,63,7,8,9,102,121,490
"3","ALSPAC0491",18,75,9,9,6,95,121,491
"1","ALSPAC0492",21,73,9,8,8,96,119,492
"3","ALSPAC0493",26,72,7,9,5,101,124,493
"3","ALSPAC0494",18,74,6,6,7,107,120,494
"1","ALSPAC0495",21,67,9,8,12,99,119,495
"2","ALSPAC0496",11,32,3,2,9,102,120,496
"3","ALSPAC0497",20,50,6,4,NA,107,123,497
"1","ALSPAC0498",27,74,9,8,13,105,121,498
"3","ALSPAC0499",17,75,8,8,4,91,119,499
"1","ALSPAC0500",53,77,10,8,19,105,121,500
"1","ALSPAC0501",23,69,8,6,12,102,116,501
"1","ALSPAC0502",27,80,9,8,8,107,123,502
"1","ALSPAC0503",36,84,10,9,NA,101,122,503
"3","ALSPAC0504",19,65,8,6,4,98,125,504
"1","ALSPAC0505",29,71,NA,9,13,101,121,505
"1","ALSPAC0506",26,76,10,10,9,107,123,506
"1","ALSPAC0507",27,70,7,7,NA,99,117,507
"1","ALSPAC0508",44,88,10,9,13,98,122,508
"1","ALSPAC0509",18,67,9,8,7,98,114,509
"3","ALSPAC0510",18,69,6,5,4,100,109,510
"1","ALSPAC0511",30,74,10,8,13,104,119,511
"3","ALSPAC0512",27,77,9,6,10,100,118,512
"3","ALSPAC0513",13,45,6,8,5,106,118,513
"2","ALSPAC0514",4,51,5,5,5,104,115,514
"2","ALSPAC0515",10,36,6,4,4,110,121,515
"1","ALSPAC0516",32,73,9,7,8,103,122,516
"1","ALSPAC0517",44,81,11,9,11,98,116,517
"1","ALSPAC0518",35,81,10,9,NA,102,123,518
"3","ALSPAC0519",32,87,9,7,9,99,120,519
"1","ALSPAC0520",39,76,10,8,12,99,129,520
"3","ALSPAC0521",22,67,9,7,7,105,111,521
"3","ALSPAC0522",9,63,4,5,7,97,107,522
"1","ALSPAC0523",48,81,9,9,15,103,125,523
"3","ALSPAC0524",20,63,6,6,3,104,114,524
"1","ALSPAC0525",30,82,8,9,11,106,116,525
"3","ALSPAC0526",21,75,8,7,3,112,123,526
"1","ALSPAC0527",10,61,6,5,8,98,125,527
"1","ALSPAC0528",29,77,8,6,9,106,118,528
"1","ALSPAC0529",45,73,8,8,12,104,119,529
"3","ALSPAC0530",16,68,6,4,9,104,120,530
"2","ALSPAC0531",7,37,3,2,6,103,114,531
"1","ALSPAC0532",55,76,10,8,13,106,124,532
"3","ALSPAC0533",11,56,4,2,7,101,110,533
"3","ALSPAC0534",20,60,5,5,5,102,120,534
"3","ALSPAC0535",18,84,4,5,5,105,114,535
"3","ALSPAC0536",25,80,8,8,6,100,123,536
"2","ALSPAC0537",20,46,5,2,8,103,117,537
"3","ALSPAC0538",25,71,8,8,5,105,120,538
"1","ALSPAC0539",23,64,9,8,9,99,115,539
"1","ALSPAC0540",34,73,8,8,13,102,116,540
"1","ALSPAC0541",46,86,11,9,14,97,122,541
"3","ALSPAC0542",15,79,6,6,5,101,118,542
"1","ALSPAC0543",39,78,10,9,11,106,123,543
"1","ALSPAC0544",15,73,10,8,8,107,119,544
"1","ALSPAC0545",27,70,8,6,9,98,116,545
"1","ALSPAC0546",11,69,7,6,7,98,115,546
"1","ALSPAC0547",52,74,10,9,20,105,121,547
"1","ALSPAC0548",42,81,10,9,12,107,115,548
"1","ALSPAC0549",21,70,9,8,11,103,115,549
"1","ALSPAC0550",40,73,9,8,15,108,117,550
"1","ALSPAC0551",25,73,8,8,13,106,117,551
"1","ALSPAC0552",51,87,10,9,11,107,128,552
"3","ALSPAC0553",12,74,6,4,1,98,116,553
"1","ALSPAC0554",39,73,9,8,15,100,118,554
"3","ALSPAC0555",27,71,8,5,9,105,121,555
"3","ALSPAC0556",33,77,11,7,11,107,128,556
"1","ALSPAC0557",27,81,9,9,8,107,118,557
"3","ALSPAC0558",19,72,6,7,7,106,120,558
"1","ALSPAC0559",41,73,8,6,8,100,118,559
"1","ALSPAC0560",16,69,8,8,9,103,124,560
"1","ALSPAC0561",40,71,10,9,9,105,113,561
"1","ALSPAC0562",36,82,8,9,9,102,118,562
"1","ALSPAC0563",16,68,8,8,NA,104,114,563
"1","ALSPAC0564",20,69,10,9,5,106,120,564
"3","ALSPAC0565",19,76,8,8,5,100,124,565
"1","ALSPAC0566",37,83,11,10,10,107,121,566
"2","ALSPAC0567",11,34,4,3,3,101,120,567
"1","ALSPAC0568",32,77,9,8,8,106,116,568
"1","ALSPAC0569",22,75,9,7,10,107,116,569
"1","ALSPAC0570",52,87,10,8,18,104,115,570
"1","ALSPAC0571",35,87,11,9,12,98,117,571
"3","ALSPAC0572",22,72,8,5,5,99,120,572
"1","ALSPAC0573",20,70,9,7,6,99,114,573
"1","ALSPAC0574",32,75,NA,8,NA,103,113,574
"3","ALSPAC0575",30,70,8,6,11,110,119,575
"3","ALSPAC0576",24,78,9,6,7,97,115,576
"3","ALSPAC0577",23,74,3,5,9,102,118,577
"1","ALSPAC0578",30,69,8,7,13,110,118,578
"2","ALSPAC0579",14,24,2,1,8,102,116,579
"1","ALSPAC0580",32,81,10,8,16,99,120,580
"1","ALSPAC0581",37,75,9,8,16,100,123,581
"1","ALSPAC0582",37,64,9,9,11,100,123,582
"2","ALSPAC0583",18,53,7,3,7,110,113,583
"1","ALSPAC0584",42,68,9,9,14,105,129,584
"1","ALSPAC0585",26,75,9,9,9,107,112,585
"1","ALSPAC0586",16,61,NA,5,3,102,125,586
"1","ALSPAC0587",37,74,11,9,6,96,110,587
"1","ALSPAC0588",37,67,8,7,9,101,123,588
"2","ALSPAC0589",9,28,1,1,6,104,129,589
"2","ALSPAC0590",14,38,7,NA,3,104,120,590
"3","ALSPAC0591",15,54,4,1,5,106,124,591
"3","ALSPAC0592",27,92,10,8,9,104,123,592
"1","ALSPAC0593",36,71,8,8,11,103,129,593
"1","ALSPAC0594",20,69,9,8,9,107,109,594
"3","ALSPAC0595",20,57,4,6,8,104,126,595
"1","ALSPAC0596",41,82,9,7,8,105,122,596
"1","ALSPAC0597",32,82,9,8,NA,101,119,597
"1","ALSPAC0598",49,76,8,8,NA,103,122,598
"3","ALSPAC0599",15,65,8,7,3,100,115,599
"1","ALSPAC0600",4,61,8,7,0,108,120,600
"1","ALSPAC0601",14,79,8,6,7,109,118,601
"3","ALSPAC0602",24,75,5,6,6,102,124,602
"1","ALSPAC0603",17,75,9,8,7,110,125,603
"3","ALSPAC0604",19,86,11,9,3,96,118,604
"3","ALSPAC0605",22,78,6,5,8,104,117,605
"3","ALSPAC0606",33,74,8,8,14,96,118,606
"1","ALSPAC0607",29,74,9,8,NA,107,118,607
"1","ALSPAC0608",63,93,12,11,19,102,116,608
"1","ALSPAC0609",13,75,7,7,NA,106,114,609
"3","ALSPAC0610",14,72,8,10,-2,102,127,610
"2","ALSPAC0611",3,23,2,1,6,106,126,611
"1","ALSPAC0612",33,82,10,9,13,108,123,612
"1","ALSPAC0613",48,79,8,8,12,97,122,613
"1","ALSPAC0614",39,85,9,8,10,99,117,614
"3","ALSPAC0615",24,70,7,4,5,109,116,615
"1","ALSPAC0616",41,73,10,8,12,102,117,616
"1","ALSPAC0617",28,66,8,8,8,99,125,617
"2","ALSPAC0618",12,38,5,7,7,104,126,618
"1","ALSPAC0619",22,75,9,7,10,103,114,619
"3","ALSPAC0620",14,61,8,9,6,99,121,620
"1","ALSPAC0621",23,71,9,9,11,99,116,621
"1","ALSPAC0622",38,82,10,9,15,103,112,622
"1","ALSPAC0623",24,67,9,7,9,103,121,623
"2","ALSPAC0624",8,34,5,6,6,95,116,624
"3","ALSPAC0625",35,91,10,5,10,104,120,625
"3","ALSPAC0626",18,86,11,7,7,101,116,626
"1","ALSPAC0627",41,79,9,8,13,100,113,627
"1","ALSPAC0628",22,75,10,9,6,106,119,628
"1","ALSPAC0629",32,74,8,7,7,107,119,629
"1","ALSPAC0630",19,71,10,7,7,104,120,630
"1","ALSPAC0631",16,79,9,8,6,103,123,631
"1","ALSPAC0632",30,75,8,7,10,107,121,632
"1","ALSPAC0633",36,73,7,7,14,104,121,633
"1","ALSPAC0634",23,73,9,7,10,104,118,634
"1","ALSPAC0635",45,73,10,8,16,105,122,635
"1","ALSPAC0636",47,87,11,10,9,101,122,636
"2","ALSPAC0637",17,19,3,-1,12,104,117,637
"3","ALSPAC0638",29,75,10,7,9,109,121,638
"1","ALSPAC0639",53,83,11,9,18,111,115,639
"1","ALSPAC0640",32,73,10,10,12,101,114,640
"2","ALSPAC0641",13,31,6,4,8,108,117,641
"2","ALSPAC0642",5,24,2,1,3,108,123,642
"1","ALSPAC0643",21,70,8,7,5,98,116,643
"2","ALSPAC0644",11,38,7,5,6,104,123,644
"1","ALSPAC0645",43,73,9,8,15,108,118,645
"1","ALSPAC0646",36,79,9,8,12,104,116,646
"2","ALSPAC0647",7,32,4,1,2,103,116,647
"3","ALSPAC0648",14,71,7,8,4,101,118,648
"1","ALSPAC0649",47,80,10,9,11,105,122,649
"3","ALSPAC0650",22,53,5,5,NA,102,125,650
"3","ALSPAC0651",17,58,6,5,2,106,121,651
"1","ALSPAC0652",25,71,8,8,10,103,127,652
"1","ALSPAC0653",23,70,9,9,11,106,115,653
"3","ALSPAC0654",30,80,8,8,12,101,118,654
"1","ALSPAC0655",44,74,9,8,14,102,119,655
"3","ALSPAC0656",13,62,9,8,8,103,123,656
"1","ALSPAC0657",34,72,10,7,6,102,122,657
"1","ALSPAC0658",47,84,9,NA,15,102,125,658
"1","ALSPAC0659",27,70,9,8,8,102,116,659
"3","ALSPAC0660",18,73,8,8,4,105,119,660
"1","ALSPAC0661",30,70,9,9,11,107,119,661
"1","ALSPAC0662",37,70,8,8,13,106,121,662
"3","ALSPAC0663",23,77,8,6,6,107,115,663
"1","ALSPAC0664",32,79,9,9,NA,102,112,664
"3","ALSPAC0665",17,77,5,4,6,102,118,665
"1","ALSPAC0666",42,82,10,9,12,103,123,666
"1","ALSPAC0667",41,73,8,9,13,106,110,667
"3","ALSPAC0668",15,66,6,6,5,99,115,668
"1","ALSPAC0669",33,81,8,8,10,106,112,669
"2","ALSPAC0670",5,25,3,2,6,105,121,670
"1","ALSPAC0671",41,73,9,8,16,109,117,671
"1","ALSPAC0672",65,94,11,10,15,102,121,672
"1","ALSPAC0673",27,79,9,8,9,105,117,673
"1","ALSPAC0674",41,81,9,9,16,104,111,674
"3","ALSPAC0675",23,89,11,11,11,107,117,675
"2","ALSPAC0676",14,43,5,6,7,101,119,676
"2","ALSPAC0677",14,29,4,2,5,103,120,677
"1","ALSPAC0678",21,78,9,9,8,98,113,678
"1","ALSPAC0679",40,82,11,8,NA,109,116,679
"1","ALSPAC0680",11,58,9,7,10,98,122,680
"1","ALSPAC0681",35,81,9,8,11,94,112,681
"2","ALSPAC0682",8,36,6,4,8,102,124,682
"1","ALSPAC0683",43,82,10,9,12,102,119,683
"2","ALSPAC0684",5,39,2,2,2,105,120,684
"1","ALSPAC0685",30,74,8,6,13,113,118,685
"3","ALSPAC0686",27,75,5,5,11,106,118,686
"1","ALSPAC0687",40,74,7,6,10,103,115,687
"1","ALSPAC0688",46,79,11,9,13,103,128,688
"3","ALSPAC0689",13,71,7,7,NA,104,122,689
"1","ALSPAC0690",39,73,8,6,10,102,116,690
"2","ALSPAC0691",7,33,1,2,4,104,119,691
"1","ALSPAC0692",25,75,9,8,16,111,114,692
"2","ALSPAC0693",16,49,7,2,2,104,120,693
"1","ALSPAC0694",30,74,9,7,NA,107,117,694
"2","ALSPAC0695",7,28,2,-1,-1,94,114,695
"3","ALSPAC0696",20,76,3,3,NA,102,114,696
"3","ALSPAC0697",19,78,8,8,5,98,123,697
"1","ALSPAC0698",54,76,9,7,18,106,123,698
"2","ALSPAC0699",4,26,2,0,5,102,122,699
"3","ALSPAC0700",8,44,4,2,3,101,119,700
"1","ALSPAC0701",31,65,6,6,15,111,112,701
"2","ALSPAC0702",13,31,2,1,7,103,120,702
"1","ALSPAC0703",22,70,7,7,10,95,109,703
"1","ALSPAC0704",25,76,8,7,10,107,120,704
"1","ALSPAC0705",22,77,9,9,6,101,121,705
"1","ALSPAC0706",25,69,8,7,7,99,117,706
"1","ALSPAC0707",14,75,NA,9,8,103,121,707
"1","ALSPAC0708",44,69,NA,6,12,95,118,708
"2","ALSPAC0709",-1,18,5,5,5,101,123,709
"2","ALSPAC0710",17,42,5,3,7,96,114,710
"1","ALSPAC0711",28,71,9,9,NA,100,127,711
"3","ALSPAC0712",19,69,6,7,6,106,122,712
"3","ALSPAC0713",21,65,8,6,8,107,117,713
"1","ALSPAC0714",29,81,8,8,8,107,120,714
"3","ALSPAC0715",28,87,7,6,13,106,116,715
"3","ALSPAC0716",11,60,5,2,5,99,114,716
"2","ALSPAC0717",6,43,6,5,NA,94,120,717
"2","ALSPAC0718",15,27,5,1,6,104,122,718
"1","ALSPAC0719",32,72,9,9,16,108,114,719
"1","ALSPAC0720",35,77,10,9,10,105,119,720
"3","ALSPAC0721",17,71,5,4,8,105,117,721
"1","ALSPAC0722",29,70,9,7,11,106,125,722
"1","ALSPAC0723",43,77,8,7,13,100,119,723
"1","ALSPAC0724",27,70,9,8,10,108,118,724
"3","ALSPAC0725",22,82,10,9,10,104,120,725
"1","ALSPAC0726",4,66,8,5,4,106,122,726
"1","ALSPAC0727",6,69,8,7,7,106,119,727
"3","ALSPAC0728",19,64,8,5,7,105,115,728
"1","ALSPAC0729",43,72,9,8,13,102,123,729
"3","ALSPAC0730",19,75,6,4,7,107,119,730
"2","ALSPAC0731",16,34,5,5,9,104,118,731
"1","ALSPAC0732",44,83,9,8,11,104,121,732
"1","ALSPAC0733",39,84,10,8,9,102,118,733
"1","ALSPAC0734",35,80,10,10,13,100,119,734
"1","ALSPAC0735",56,77,10,8,10,102,115,735
"3","ALSPAC0736",15,60,8,7,6,105,122,736
"1","ALSPAC0737",41,85,11,8,8,94,116,737
"3","ALSPAC0738",25,87,8,8,7,107,117,738
"1","ALSPAC0739",26,76,9,7,7,110,120,739
"3","ALSPAC0740",19,67,7,5,NA,94,116,740
"3","ALSPAC0741",7,69,6,8,0,101,126,741
"3","ALSPAC0742",14,50,4,5,5,102,119,742
"1","ALSPAC0743",37,73,9,8,13,104,115,743
"3","ALSPAC0744",22,65,6,7,10,103,124,744
"1","ALSPAC0745",29,69,8,7,8,104,118,745
"1","ALSPAC0746",47,88,11,10,14,101,118,746
"1","ALSPAC0747",30,71,8,6,11,106,120,747
"1","ALSPAC0748",45,74,7,8,11,110,123,748
"1","ALSPAC0749",44,81,10,9,15,103,110,749
"3","ALSPAC0750",25,86,9,8,12,96,114,750
"1","ALSPAC0751",42,83,9,8,13,104,120,751
"2","ALSPAC0752",13,54,5,3,7,97,112,752
"1","ALSPAC0753",36,83,11,10,12,100,114,753
"2","ALSPAC0754",10,30,-1,3,6,105,119,754
"2","ALSPAC0755",7,35,2,2,7,110,119,755
"1","ALSPAC0756",33,78,9,8,9,99,118,756
"2","ALSPAC0757",14,28,5,3,6,100,119,757
"2","ALSPAC0758",15,48,5,4,8,101,114,758
"1","ALSPAC0759",42,80,10,8,11,103,122,759
"2","ALSPAC0760",15,32,3,1,4,98,125,760
"1","ALSPAC0761",29,74,10,9,NA,104,121,761
"1","ALSPAC0762",14,76,9,8,5,106,120,762
"1","ALSPAC0763",27,75,9,9,11,99,124,763
"3","ALSPAC0764",33,77,11,5,12,98,116,764
"1","ALSPAC0765",29,85,11,9,15,101,112,765
"3","ALSPAC0766",23,65,7,8,9,95,124,766
"1","ALSPAC0767",27,72,11,8,NA,106,117,767
"1","ALSPAC0768",33,75,10,8,10,103,124,768
"1","ALSPAC0769",35,81,10,9,11,97,112,769
"2","ALSPAC0770",4,28,4,4,5,103,119,770
"1","ALSPAC0771",53,91,12,9,NA,112,112,771
"2","ALSPAC0772",6,29,6,5,7,103,115,772
"1","ALSPAC0773",23,68,9,7,9,101,124,773
"3","ALSPAC0774",29,87,9,8,8,109,116,774
"1","ALSPAC0775",24,72,8,7,6,97,118,775
"1","ALSPAC0776",30,75,9,6,7,101,114,776
"3","ALSPAC0777",12,55,6,6,6,99,115,777
"1","ALSPAC0778",45,73,8,8,17,101,117,778
"1","ALSPAC0779",24,75,8,8,11,105,120,779
"3","ALSPAC0780",19,82,7,6,8,109,110,780
"1","ALSPAC0781",14,62,7,6,11,106,117,781
"1","ALSPAC0782",52,83,8,6,8,99,112,782
"2","ALSPAC0783",2,29,2,2,-3,107,124,783
"1","ALSPAC0784",24,65,8,8,9,104,122,784
"1","ALSPAC0785",24,77,9,8,7,99,119,785
"1","ALSPAC0786",30,75,9,8,10,101,118,786
"3","ALSPAC0787",23,71,8,6,6,107,121,787
"1","ALSPAC0788",25,76,9,8,10,102,122,788
"1","ALSPAC0789",33,82,9,9,15,108,111,789
"3","ALSPAC0790",10,62,6,8,9,106,122,790
"2","ALSPAC0791",14,35,6,5,8,103,118,791
"2","ALSPAC0792",14,53,6,4,6,105,118,792
"1","ALSPAC0793",46,70,9,7,17,101,121,793
"2","ALSPAC0794",2,37,4,3,6,110,122,794
"1","ALSPAC0795",19,62,7,7,7,106,114,795
"1","ALSPAC0796",44,79,11,9,10,109,122,796
"1","ALSPAC0797",39,82,9,8,10,102,112,797
"1","ALSPAC0798",31,73,9,8,10,110,119,798
"1","ALSPAC0799",37,79,9,8,11,103,115,799
"3","ALSPAC0800",30,75,6,9,8,101,119,800
"3","ALSPAC0801",10,52,5,3,4,100,117,801
"2","ALSPAC0802",14,49,5,5,5,97,122,802
"1","ALSPAC0803",23,74,10,10,13,107,118,803
"1","ALSPAC0804",21,62,8,6,7,102,114,804
"1","ALSPAC0805",37,76,10,10,7,105,115,805
"1","ALSPAC0806",36,71,8,7,11,103,112,806
"1","ALSPAC0807",22,71,8,6,12,107,114,807
"1","ALSPAC0808",38,79,10,9,11,105,109,808
"3","ALSPAC0809",9,55,7,8,5,101,114,809
"1","ALSPAC0810",27,77,9,9,6,101,117,810
"1","ALSPAC0811",37,74,10,10,12,97,124,811
"1","ALSPAC0812",25,74,9,8,6,100,120,812
"3","ALSPAC0813",16,75,7,7,5,110,121,813
"2","ALSPAC0814",19,54,7,6,6,108,119,814
"1","ALSPAC0815",34,81,10,9,12,103,116,815
"3","ALSPAC0816",21,77,7,2,9,107,120,816
"1","ALSPAC0817",35,69,8,7,8,99,111,817
"1","ALSPAC0818",34,81,9,7,7,98,125,818
"2","ALSPAC0819",10,24,0,1,7,98,119,819
"1","ALSPAC0820",40,81,10,8,10,106,118,820
"1","ALSPAC0821",33,81,8,7,7,101,119,821
"1","ALSPAC0822",33,76,10,8,14,107,121,822
"1","ALSPAC0823",20,70,9,7,8,104,114,823
"2","ALSPAC0824",3,24,3,0,3,104,125,824
"3","ALSPAC0825",15,71,8,7,7,97,120,825
"2","ALSPAC0826",11,33,5,3,4,101,122,826
"1","ALSPAC0827",36,83,9,9,17,102,112,827
"3","ALSPAC0828",10,61,7,8,5,110,124,828
"1","ALSPAC0829",44,77,9,8,10,100,124,829
"2","ALSPAC0830",7,31,4,4,4,111,114,830
"3","ALSPAC0831",21,75,8,5,7,110,112,831
"1","ALSPAC0832",46,79,8,7,10,96,117,832
"2","ALSPAC0833",15,53,6,3,6,103,120,833
"1","ALSPAC0834",43,75,10,8,12,97,125,834
"1","ALSPAC0835",49,84,10,9,12,103,116,835
"1","ALSPAC0836",26,83,10,9,8,100,123,836
"3","ALSPAC0837",32,79,8,5,12,99,120,837
"3","ALSPAC0838",17,61,7,7,6,101,122,838
"3","ALSPAC0839",19,58,7,4,9,102,125,839
"1","ALSPAC0840",42,76,9,8,12,106,115,840
"1","ALSPAC0841",34,69,8,9,10,102,125,841
"1","ALSPAC0842",41,82,10,10,12,110,119,842
"3","ALSPAC0843",28,75,7,9,11,102,122,843
"1","ALSPAC0844",26,77,8,7,11,101,116,844
"1","ALSPAC0845",28,77,9,8,14,101,112,845
"2","ALSPAC0846",12,38,3,2,6,106,116,846
"1","ALSPAC0847",24,61,8,8,10,104,121,847
"1","ALSPAC0848",22,70,9,8,NA,103,117,848
"1","ALSPAC0849",30,78,NA,9,10,97,127,849
"2","ALSPAC0850",11,40,4,3,7,103,113,850
"1","ALSPAC0851",23,61,8,8,11,104,115,851
"1","ALSPAC0852",40,66,8,8,15,99,127,852
"3","ALSPAC0853",22,64,7,4,14,107,118,853
"1","ALSPAC0854",47,85,10,9,15,105,120,854
"1","ALSPAC0855",25,70,9,8,11,110,114,855
"1","ALSPAC0856",32,67,8,8,11,110,120,856
"1","ALSPAC0857",28,67,8,7,10,100,113,857
"1","ALSPAC0858",31,73,8,8,10,105,122,858
"2","ALSPAC0859",11,37,7,6,7,98,123,859
"3","ALSPAC0860",23,63,6,6,10,102,122,860
"1","ALSPAC0861",29,77,10,8,4,106,120,861
"1","ALSPAC0862",61,72,9,8,19,103,120,862
"2","ALSPAC0863",12,36,5,4,7,96,117,863
"3","ALSPAC0864",10,68,7,8,4,102,116,864
"3","ALSPAC0865",19,71,4,3,7,103,117,865
"1","ALSPAC0866",22,79,9,8,8,103,120,866
"1","ALSPAC0867",37,81,9,7,12,98,118,867
"1","ALSPAC0868",33,74,9,8,9,105,112,868
"1","ALSPAC0869",32,80,10,8,9,99,117,869
"1","ALSPAC0870",24,75,11,8,9,109,120,870
"3","ALSPAC0871",25,76,10,10,11,109,119,871
"1","ALSPAC0872",30,71,8,7,9,110,116,872
"3","ALSPAC0873",14,70,6,7,5,110,112,873
"1","ALSPAC0874",45,76,8,8,14,106,116,874
"2","ALSPAC0875",7,47,5,3,2,106,122,875
"1","ALSPAC0876",27,70,10,9,11,104,117,876
"1","ALSPAC0877",28,73,8,7,10,101,123,877
"1","ALSPAC0878",22,67,9,8,6,100,124,878
"3","ALSPAC0879",21,72,6,7,7,106,115,879
"1","ALSPAC0880",29,63,7,7,9,107,117,880
"3","ALSPAC0881",13,64,3,5,8,99,119,881
"1","ALSPAC0882",35,72,8,6,10,104,118,882
"3","ALSPAC0883",13,68,6,2,0,100,112,883
"1","ALSPAC0884",17,78,9,9,11,100,119,884
"1","ALSPAC0885",37,86,10,9,12,106,123,885
"1","ALSPAC0886",47,77,10,8,15,106,122,886
"1","ALSPAC0887",27,60,7,7,12,105,124,887
"1","ALSPAC0888",47,80,10,9,10,107,123,888
"1","ALSPAC0889",39,69,9,9,15,99,130,889
"1","ALSPAC0890",11,65,9,8,6,99,122,890
"1","ALSPAC0891",36,74,9,8,16,109,117,891
"1","ALSPAC0892",36,81,10,8,9,104,116,892
"1","ALSPAC0893",20,72,10,9,8,100,120,893
"3","ALSPAC0894",23,74,8,7,8,106,121,894
"1","ALSPAC0895",23,75,9,NA,11,109,116,895
"1","ALSPAC0896",16,67,NA,9,8,101,117,896
"1","ALSPAC0897",53,75,10,9,12,114,118,897
"1","ALSPAC0898",29,72,8,7,9,107,116,898
"1","ALSPAC0899",39,73,8,8,12,101,122,899
"1","ALSPAC0900",34,70,8,7,10,105,118,900
"1","ALSPAC0901",46,81,11,9,16,99,124,901
"1","ALSPAC0902",49,81,10,9,9,99,115,902
"1","ALSPAC0903",39,81,NA,9,13,102,122,903
"1","ALSPAC0904",29,72,8,7,10,104,121,904
"1","ALSPAC0905",7,56,7,6,10,101,118,905
"3","ALSPAC0906",14,80,8,5,NA,100,112,906
"1","ALSPAC0907",42,74,11,10,15,108,122,907
"3","ALSPAC0908",19,61,9,9,6,103,126,908
"1","ALSPAC0909",27,66,8,7,9,94,124,909
"1","ALSPAC0910",38,72,8,7,13,104,118,910
"1","ALSPAC0911",21,66,8,7,9,100,120,911
"3","ALSPAC0912",26,74,9,8,7,104,120,912
"1","ALSPAC0913",40,73,11,8,12,105,124,913
"1","ALSPAC0914",53,78,9,9,15,105,122,914
"1","ALSPAC0915",28,72,7,7,7,106,112,915
"2","ALSPAC0916",18,30,5,2,10,101,116,916
"3","ALSPAC0917",16,80,10,10,7,99,124,917
"1","ALSPAC0918",34,80,9,6,8,104,124,918
"3","ALSPAC0919",15,69,5,4,6,106,117,919
"1","ALSPAC0920",28,75,10,8,12,108,120,920
"1","ALSPAC0921",36,83,9,9,10,100,117,921
"3","ALSPAC0922",20,73,8,8,9,100,120,922
"1","ALSPAC0923",29,76,10,8,9,97,118,923
"1","ALSPAC0924",42,72,9,9,18,105,119,924
"1","ALSPAC0925",40,74,9,9,15,110,122,925
"1","ALSPAC0926",39,79,10,NA,15,115,116,926
"1","ALSPAC0927",27,74,9,8,11,100,113,927
"1","ALSPAC0928",18,69,7,6,7,111,109,928
"1","ALSPAC0929",33,81,10,8,8,100,117,929
"2","ALSPAC0930",11,39,8,5,2,100,121,930
"3","ALSPAC0931",25,77,9,8,9,102,122,931
"1","ALSPAC0932",43,82,10,10,13,99,124,932
"3","ALSPAC0933",29,74,8,5,10,107,120,933
"3","ALSPAC0934",24,62,8,4,10,100,116,934
"1","ALSPAC0935",37,77,9,9,8,103,119,935
"3","ALSPAC0936",21,64,7,4,4,98,117,936
"2","ALSPAC0937",9,38,3,0,5,109,119,937
"1","ALSPAC0938",53,71,7,7,15,104,112,938
"3","ALSPAC0939",20,55,6,4,8,100,116,939
"2","ALSPAC0940",9,46,NA,3,6,103,118,940
"1","ALSPAC0941",21,69,9,8,12,110,114,941
"3","ALSPAC0942",26,61,3,4,7,102,121,942
"1","ALSPAC0943",18,71,7,6,4,100,113,943
"1","ALSPAC0944",33,65,8,7,16,101,115,944
"1","ALSPAC0945",39,72,8,7,6,102,127,945
"3","ALSPAC0946",30,74,8,8,8,109,113,946
"2","ALSPAC0947",10,32,5,3,5,106,117,947
"2","ALSPAC0948",8,45,2,1,3,109,116,948
"1","ALSPAC0949",32,65,8,8,5,102,124,949
"1","ALSPAC0950",18,64,8,6,10,112,118,950
"1","ALSPAC0951",37,72,9,9,12,104,122,951
"1","ALSPAC0952",27,74,8,8,9,99,111,952
"1","ALSPAC0953",37,77,9,8,10,102,117,953
"3","ALSPAC0954",10,64,9,6,1,104,120,954
"3","ALSPAC0955",17,70,8,5,NA,108,111,955
"1","ALSPAC0956",17,72,10,8,8,98,122,956
"1","ALSPAC0957",33,75,10,9,11,110,125,957
"1","ALSPAC0958",37,75,11,8,10,107,122,958
"2","ALSPAC0959",14,36,4,3,6,104,121,959
"1","ALSPAC0960",38,74,11,10,13,96,127,960
"3","ALSPAC0961",30,50,4,4,11,102,119,961
"1","ALSPAC0962",37,71,9,9,NA,103,119,962
"1","ALSPAC0963",41,72,9,6,14,107,121,963
"1","ALSPAC0964",29,77,10,8,6,94,121,964
"1","ALSPAC0965",45,70,9,8,13,101,119,965
"1","ALSPAC0966",38,80,9,8,11,100,120,966
"3","ALSPAC0967",30,71,8,6,10,108,118,967
"1","ALSPAC0968",27,76,8,9,8,109,117,968
"1","ALSPAC0969",23,70,8,8,13,108,120,969
"3","ALSPAC0970",22,70,10,8,8,102,122,970
"1","ALSPAC0971",47,86,11,9,9,97,120,971
"1","ALSPAC0972",43,84,8,8,13,100,109,972
"1","ALSPAC0973",40,71,9,8,14,107,120,973
"3","ALSPAC0974",22,57,5,5,9,100,121,974
"3","ALSPAC0975",29,67,9,7,10,105,121,975
"1","ALSPAC0976",51,73,10,8,NA,106,123,976
"1","ALSPAC0977",21,74,8,7,8,99,116,977
"1","ALSPAC0978",17,66,7,7,9,106,124,978
"1","ALSPAC0979",36,86,12,9,10,108,117,979
"3","ALSPAC0980",15,65,7,5,1,100,120,980
"3","ALSPAC0981",15,68,7,6,7,96,122,981
"2","ALSPAC0982",11,39,6,4,4,102,120,982
"1","ALSPAC0983",37,74,9,9,16,111,116,983
"1","ALSPAC0984",34,78,8,8,7,104,113,984
"1","ALSPAC0985",24,75,8,6,8,103,113,985
"2","ALSPAC0986",14,29,5,4,7,112,121,986
"1","ALSPAC0987",47,75,7,NA,13,103,118,987
"2","ALSPAC0988",18,44,5,5,9,100,121,988
"3","ALSPAC0989",20,74,8,NA,8,100,117,989
"3","ALSPAC0990",16,67,9,8,2,108,121,990
"3","ALSPAC0991",15,72,7,7,6,109,123,991
"3","ALSPAC0992",10,58,6,6,-1,105,126,992
"1","ALSPAC0993",42,82,10,9,9,98,116,993
"1","ALSPAC0994",51,70,8,8,15,101,126,994
"3","ALSPAC0995",16,76,8,8,7,98,119,995
"3","ALSPAC0996",14,59,2,3,NA,102,112,996
"3","ALSPAC0997",23,76,9,6,7,108,118,997
"1","ALSPAC0998",49,80,10,9,16,114,111,998
"1","ALSPAC0999",39,71,8,8,11,102,115,999
"1","ALSPAC1000",18,70,9,8,7,105,118,1000
